Easy,3, Nigel, 0:33, 27 2 2024
Easy,5, Nigel, 1:16, 9 12 2023
Easy,5, Nigel, 22:38, 30 1 2024
Easy,6, Nigel, 17:59, 19 10 2023
Easy,7, Nigel, 14:55, 8 5 2024
Easy,8, Nigel, 18:17, 19 10 2023
Easy,8, Nigel, 19:09, 9 12 2023
Easy,9, Nigel, 19:09, 9 12 2023
Easy,9, Nigel, 22:42, 9 1 2024
Easy,9, Nigel, 22:37, 30 1 2024
Easy,10, Nigel, 16:21, 17 10 2023
Easy,10, Nigel, 14:37, 15 12 2023
Easy,10, Nigel, 22:37, 30 1 2024
Easy,10, Nigel, 15:29, 8 5 2024
Easy,11, Nigel, 3:51, 26 10 2023
Easy,11, Nigel, 1:12, 9 12 2023
Easy,11, Nigel, 23:20, 30 12 2023
Easy,11, Nigel, 22:41, 9 1 2024
Easy,11, Nigel, 0:35, 9 5 2024
Easy,11, Nigel, 0:40, 9 5 2024
Easy,12, Nigel, 16:47, 25 10 2023
Easy,12, Nigel, 4:31, 3 11 2023
Easy,12, Nigel, 1:13, 9 12 2023
Easy,12, Nigel, 1:14, 9 12 2023
Easy,12, Nigel, 19:09, 9 12 2023
Easy,12, Nigel, 22:46, 9 1 2024
Easy,12, Nigel, 15:27, 8 5 2024
Easy,13, Nigel, 16:21, 17 10 2023
Easy,13, Nigel, 16:28, 17 10 2023
Easy,13, Nigel, 15:50, 19 10 2023
Easy,13, Nigel, 16:51, 25 10 2023
Easy,13, Nigel, 17:04, 1 12 2023
Easy,13, Nigel, 1:25, 9 12 2023
Easy,13, Nigel, 19:08, 9 12 2023
Easy,13, Nigel, 0:27, 9 5 2024
Easy,14, Nigel, 1:11, 3 11 2023
Easy,14, Nigel, 1:18, 3 11 2023
Easy,14, Nigel, 22:43, 9 1 2024
Easy,14, Nigel, 22:46, 9 1 2024
Easy,14, Nigel, 15:28, 8 5 2024
Easy,15, Nigel, 18:16, 19 10 2023
Easy,15, Nigel, 2:38, 26 10 2023
Easy,15, Nigel, 3:17, 26 10 2023
Easy,15, Nigel, 3:28, 26 10 2023
Easy,15, Nigel, 1:53, 8 5 2024
Easy,15, Nigel, 15:29, 8 5 2024
Easy,15, Nigel, 0:26, 9 5 2024
Easy,16, Nigel, 9:38, 20 10 2023
Easy,16, Nigel, 2:48, 26 10 2023
Easy,16, Nigel, 1:17, 3 11 2023
Easy,16, Nigel, 1:18, 3 11 2023
Easy,16, Nigel, 1:24, 3 11 2023
Easy,16, Nigel, 15:35, 30 11 2023
Easy,16, Nigel, 1:21, 9 12 2023
Easy,16, Nigel, 1:23, 9 12 2023
Easy,16, Nigel, 1:23, 9 12 2023
Easy,16, Nigel, 19:07, 9 12 2023
Easy,16, Nigel, 22:44, 9 1 2024
Easy,16, Nigel, 22:45, 9 1 2024
Easy,17, Nigel, 18:04, 19 10 2023
Easy,17, Nigel, 3:17, 26 10 2023
Easy,17, Nigel, 1:27, 9 12 2023
Easy,18, Nigel, 1:18, 3 11 2023
Easy,18, Nigel, 1:24, 3 11 2023
Easy,18, Nigel, 7:40, 23 1 2024
Easy,18, Nigel, 15:26, 8 5 2024
Easy,18, Nigel, 15:27, 8 5 2024
Easy,18, Nigel, 0:40, 9 5 2024
Easy,19, Nigel, 16:46, 25 10 2023
Easy,19, Nigel, 17:05, 1 12 2023
Easy,19, Nigel, 16:10, 4 12 2023
Easy,19, Nigel, 19:08, 9 12 2023
Easy,19, Nigel, 1:06, 23 1 2024
Easy,20, Nigel, 15:50, 19 10 2023
Easy,20, Nigel, 18:02, 19 10 2023
Easy,20, Nigel, 1:12, 3 11 2023
Easy,20, Nigel, 1:23, 3 11 2023
Easy,20, Nigel, 14:37, 15 12 2023
Easy,20, Nigel, 22:45, 9 1 2024
Easy,20, Nigel, 22:38, 30 1 2024
Easy,20, Nigel, 14:55, 8 5 2024
Easy,21, Nigel, 16:12, 19 10 2023
Easy,21, Nigel, 18:07, 19 10 2023
Easy,22, Nigel, 18:16, 19 10 2023
Easy,22, Nigel, 16:52, 25 10 2023
Easy,24, Nigel, 3:38, 26 10 2023
Easy,24, Nigel, 15:34, 30 11 2023
Easy,25, Nigel, 14:49, 4 12 2023
Easy,26, Nigel, 1:13, 9 12 2023
Easy,26, Nigel, 22:43, 9 1 2024
Easy,28, Nigel, 1:16, 9 12 2023
Easy,28, Nigel, 22:42, 9 1 2024
Easy,28, Nigel, 0:27, 9 5 2024
Easy,31, Nigel, 1:11, 3 11 2023
Easy,31, Nigel, 16:26, 4 12 2023
Easy,34, Nigel, 16:25, 4 12 2023
Easy,35, Nigel, 0:41, 9 5 2024
Easy,36, Nigel, 0:58, 3 11 2023
Easy,38, Nigel, 14:11, 4 12 2023
Easy,40, Nigel, 15:49, 19 10 2023
Easy,91, Kat, 15:51, 30 11 2023
Easy,114, Not Stu, 14:50, 24 10 2023
Easy,128, Kat, 15:47, 30 11 2023
Easy,143, Kat, 19:21, 9 1 2024
Easy,166, Kat, 16:34, 23 11 2023
Easy,194, Jasmine Klein, 17:45, 1 12 2023
Easy,204, Kat, 16:39, 23 11 2023
Easy,204, Kat, 15:41, 30 11 2023
Easy,264, Kat, 16:31, 23 11 2023
